<?xml version="1.0" encoding="UTF-8"?>
<?xml-stylesheet type="text/xsl" media="screen" href="/~d/styles/rss2full.xsl"?><?xml-stylesheet type="text/css" media="screen" href="http://feeds.feedburner.com/~d/styles/itemcontent.css"?><rss version="2.0">
  <channel>
    <title>Last TagIE Scripts</title>
    <link>https://gist.github.com/search?q=TagIE</link>
    <description><![CDATA[Last TagIE Script (Gists  GitHub)
Download TagIE Editor: https://github.com/adegard/TagIE.ahk]]></description>
    <lastBuildDate>Wed, 05 Dec 2018 22:13:07 GMT</lastBuildDate>
    <generator>Feed43 Proxy/1.0 (www.feed43.com)</generator>
    <ttl>360</ttl>

<atom10:link xmlns:atom10="http://www.w3.org/2005/Atom" rel="self" type="application/rss+xml" href="http://feeds.feedburner.com/LastTagIEScripts" /><feedburner:info xmlns:feedburner="http://rssnamespace.org/feedburner/ext/1.0" uri="lasttagiescripts" /><atom10:link xmlns:atom10="http://www.w3.org/2005/Atom" rel="hub" href="http://pubsubhubbub.appspot.com/" /><feedburner:emailServiceId xmlns:feedburner="http://rssnamespace.org/feedburner/ext/1.0">LastTagIEScripts</feedburner:emailServiceId><feedburner:feedburnerHostname xmlns:feedburner="http://rssnamespace.org/feedburner/ext/1.0">https://feedburner.google.com</feedburner:feedburnerHostname><item>
<guid isPermaLink="false">ac99197e85abfaf5e68792fb49b98867</guid>
<pubDate>Wed, 05 Dec 2018 22:13:07 GMT</pubDate>
<title>[adegard] Grow your Linkedin Network (TagIE)</title>
<link>https://gist.github.com/adegard/a3b37541b7051a7edc573c3e97f02c96</link>
<description><![CDATA[LinkedIn_connect_click_tagIE.ahk<p><sub><i>-- Delivered by <a href="http://feed43.com/">Feed43</a> service</i></sub></p>
]]></description>
</item>
<item>
<guid isPermaLink="false">693af93f3f3c3d2e758ab2ad12635f80</guid>
<pubDate>Wed, 05 Dec 2018 22:13:06 GMT</pubDate>
<title>[adegard] Re-publish old Blog Posts Randomly on FacebookGroups and Linked ! [TagIE]</title>
<link>https://gist.github.com/adegard/611078a7b33e5d810004b56a476c87c8</link>
<description><![CDATA[Republish_old_blog_posts_TagIE.ahk<p><sub><i>-- Delivered by <a href="http://feed43.com/">Feed43</a> service</i></sub></p>
]]></description>
</item>
<item>
<guid isPermaLink="false">cd9b3a30cd276a6d2b97591688604413</guid>
<pubDate>Wed, 05 Dec 2018 22:13:05 GMT</pubDate>
<title>[adegard] Instagram Liker and Follower for Hashtag list [TagIE]</title>
<link>https://gist.github.com/adegard/841905d7807971fced31df2dde6b99f3</link>
<description><![CDATA[Instagram_Liker_Follower_Hashtag_list_TagIE.ahk<p><sub><i>-- Delivered by <a href="http://feed43.com/">Feed43</a> service</i></sub></p>
]]></description>
</item>
<item>
<guid isPermaLink="false">a6b6e3161b9a674df460d2037a60c34a</guid>
<pubDate>Wed, 05 Dec 2018 22:13:04 GMT</pubDate>
<title>[adegard] Share in multiple Facebook groups - TagIE example</title>
<link>https://gist.github.com/adegard/59b5b9c84ce3e4e5652be8c6e541baff</link>
<description><![CDATA[facebook_multi_group_sharer_tagIE.ahk<p><sub><i>-- Delivered by <a href="http://feed43.com/">Feed43</a> service</i></sub></p>
]]></description>
</item>
<item>
<guid isPermaLink="false">6226b03a3177c75578dde618045a79c6</guid>
<pubDate>Wed, 05 Dec 2018 22:13:03 GMT</pubDate>
<title>[adegard] Export a Table to CSV with TagIE</title>
<link>https://gist.github.com/adegard/ae67e438be63080c49f43d75e1751cf7</link>
<description><![CDATA[export_dow_table_csv_tagIE.ahk<p><sub><i>-- Delivered by <a href="http://feed43.com/">Feed43</a> service</i></sub></p>
]]></description>
</item>
<item>
<guid isPermaLink="false">8f16e9a39dee35088eaa78f4747ca53e</guid>
<pubDate>Wed, 05 Dec 2018 22:13:02 GMT</pubDate>
<title>[adegard] clicks on items one by one from result page (TagIE)</title>
<link>https://gist.github.com/adegard/3caa26f7ad606ad8ceb5b7be2b07f35e</link>
<description><![CDATA[Example_4.ahk<p><sub><i>-- Delivered by <a href="http://feed43.com/">Feed43</a> service</i></sub></p>
]]></description>
</item>
<item>
<guid isPermaLink="false">d122e68a21798e7f4b950cc0c63c1f16</guid>
<pubDate>Wed, 05 Dec 2018 22:13:01 GMT</pubDate>
<title>[adegard] Click on text in IE: make easy navigation! Click on any text of links or Button in IE pages - TagIE</title>
<link>https://gist.github.com/adegard/f127b0a38d4bd2d664a7ecff0e03ce85</link>
<description><![CDATA[Example_5_TagIE_click_on_text.ahk<p><sub><i>-- Delivered by <a href="http://feed43.com/">Feed43</a> service</i></sub></p>
]]></description>
</item>
<item>
<guid isPermaLink="false">02e9173f19073c50064698d77a35f13f</guid>
<pubDate>Wed, 05 Dec 2018 22:13:00 GMT</pubDate>
<title>[adegard] Extract RSS Feed: Example of Parsing Html or Xml with TagIE</title>
<link>https://gist.github.com/adegard/f491ed0d7c1823258e849ad0e43b60f1</link>
<description><![CDATA[parser_RSS.ahk<p><sub><i>-- Delivered by <a href="http://feed43.com/">Feed43</a> service</i></sub></p>
]]></description>
</item>
<item>
<guid isPermaLink="false">41bd262fd5a5ac1b7e0361f1fa6ea710</guid>
<pubDate>Wed, 05 Dec 2018 22:12:59 GMT</pubDate>
<title>[adegard] Simple web scraping example on TagIE</title>
<link>https://gist.github.com/adegard/37aa34510e537129dc317657ae846254</link>
<description><![CDATA[Simple_web_scrap_TagIE.ack<p><sub><i>-- Delivered by <a href="http://feed43.com/">Feed43</a> service</i></sub></p>
]]></description>
</item>
<item>
<guid isPermaLink="false">b96d96d8aead86d2065ed661d6b4d364</guid>
<pubDate>Wed, 05 Dec 2018 22:12:58 GMT</pubDate>
<title>[adegard] On Chrome: Find text on page and wait ... until it appears and click! (TagIE)</title>
<link>https://gist.github.com/adegard/f0418b875d6f15c843acc4c89aa04803</link>
<description><![CDATA[chrome_text_click_example_TagIE.ahk<p><sub><i>-- Delivered by <a href="http://feed43.com/">Feed43</a> service</i></sub></p>
]]></description>
</item>


  </channel>
</rss>
